activity_comment,n,pct
,25154,61.23
Not Determined,1874,4.56
"Summarised AC50 (mean value for measurements with a relation sign ""=""; largest value for measurements with relation sign "">"")",1822,4.44
Inhibition < 50% @ 10 uM and thus dose-reponse curve not measured,1670,4.07
inconclusive,372,0.91
active,281,0.68
Active,231,0.56
Inactive,186,0.45
Weakly active,69,0.17
Not Active,46,0.11
ND,35,0.09
inactive,32,0.08
Highly active,29,0.07
NA,19,0.05
Dose-dependent effect,12,0.03
Nd(Insoluble),12,0.03
At Top Concentration,7,0.02
Non-Toxic,4,0.01
340971,4,0.01
340970,4,0.01
340969,4,0.01
616513,3,0.01
792959,3,0.01
887432,3,0.01
955372,3,0.01
971795,3,0.01
1059711,3,0.01
1062262,3,0.01
1062278,3,0.01
1062318,3,0.01
1273885,3,0.01
1062310,3,0.01
1275132,3,0.01
1273843,3,0.01
887789,3,0.01
1273849,3,0.01
659963,3,0.01
1273855,3,0.01
830632,3,0.01
1273861,3,0.01
659903,3,0.01
1273867,3,0.01
1062281,3,0.01
1273869,3,0.01
659907,3,0.01
1273871,3,0.01
830634,3,0.01
1273873,3,0.01
659911,3,0.01
1273795,3,0.01
887791,3,0.01
1273801,3,0.01
659915,3,0.01
1273807,3,0.01
830636,3,0.01
1273813,3,0.01
659983,3,0.01
1273819,3,0.01
971785,3,0.01
1273825,3,0.01
659987,3,0.01
1273831,3,0.01
830638,3,0.01
1273837,3,0.01
659991,3,0.01
1273747,3,0.01
923615,3,0.01
1273753,3,0.01
659995,3,0.01
1273759,3,0.01
830453,3,0.01
1273765,3,0.01
659935,3,0.01
1273771,3,0.01
1062272,3,0.01
1273777,3,0.01
659939,3,0.01
1273783,3,0.01
830610,3,0.01
1273789,3,0.01
659943,3,0.01
1273699,3,0.01
923617,3,0.01
1273705,3,0.01
659947,3,0.01
1273711,3,0.01
830612,3,0.01
1273717,3,0.01
660015,3,0.01
1273723,3,0.01
971787,3,0.01
1273729,3,0.01
660019,3,0.01
1273735,3,0.01
830614,3,0.01
1273741,3,0.01
660023,3,0.01
1273651,3,0.01
923619,3,0.01
1273657,3,0.01
660027,3,0.01
1273663,3,0.01
830648,3,0.01
1273669,3,0.01
659967,3,0.01
1273675,3,0.01
1062237,3,0.01
1273681,3,0.01
659971,3,0.01
1273687,3,0.01
830650,3,0.01
1273693,3,0.01
659975,3,0.01
1262057,3,0.01
943930,3,0.01
1262059,3,0.01
659979,3,0.01
1262061,3,0.01
830652,3,0.01
1262063,3,0.01
660047,3,0.01
1262065,3,0.01
971757,3,0.01
1262067,3,0.01
660051,3,0.01
1273639,3,0.01
830654,3,0.01
1273645,3,0.01
660055,3,0.01
1247545,3,0.01
887801,3,0.01
1247547,3,0.01
660059,3,0.01
1247549,3,0.01
830624,3,0.01
1247551,3,0.01
659999,3,0.01
1247553,3,0.01
1062289,3,0.01
1247555,3,0.01
660003,3,0.01
1259350,3,0.01
830626,3,0.01
1259352,3,0.01
660007,3,0.01
1247529,3,0.01
887803,3,0.01
1247531,3,0.01
660011,3,0.01
1247533,3,0.01
830628,3,0.01
1247535,3,0.01
660079,3,0.01
1247537,3,0.01
971759,3,0.01
1247539,3,0.01
660083,3,0.01
1247541,3,0.01
830630,3,0.01
1247543,3,0.01
660087,3,0.01
1236140,3,0.01
911951,3,0.01
1236144,3,0.01
660091,3,0.01
1236147,3,0.01
830664,3,0.01
1247519,3,0.01
660031,3,0.01
1247521,3,0.01
1062239,3,0.01
1247523,3,0.01
660035,3,0.01
1247525,3,0.01
830666,3,0.01
1247527,3,0.01
660039,3,0.01
1216169,3,0.01
911953,3,0.01
1216173,3,0.01
660043,3,0.01
1231440,3,0.01
852488,3,0.01
1236123,3,0.01
660111,3,0.01
1236127,3,0.01
971761,3,0.01
1236130,3,0.01
660115,3,0.01
1236134,3,0.01
852495,3,0.01
1236137,3,0.01
660119,3,0.01
852498,3,0.01
1062283,3,0.01
660123,3,0.01
830640,3,0.01
1216145,3,0.01
951741,3,0.01
1216149,3,0.01
660063,3,0.01
1216153,3,0.01
1273883,3,0.01
1216157,3,0.01
660067,3,0.01
1216161,3,0.01
830642,3,0.01
1216165,3,0.01
660071,3,0.01
1171008,3,0.01
951743,3,0.01
1171010,3,0.01
660075,3,0.01
1216119,3,0.01
830644,3,0.01
1216123,3,0.01
660143,3,0.01
1216127,3,0.01
971763,3,0.01
1216131,3,0.01
660147,3,0.01
1216135,3,0.01
830646,3,0.01
1216139,3,0.01
660151,3,0.01
1170992,3,0.01
951746,3,0.01
1170994,3,0.01
660155,3,0.01
1170996,3,0.01
852525,3,0.01
1170998,3,0.01
660095,3,0.01
1171000,3,0.01
1059690,3,0.01
1171002,3,0.01
660099,3,0.01
1171004,3,0.01
852531,3,0.01
1171006,3,0.01
660103,3,0.01
1170976,3,0.01
951750,3,0.01
1170978,3,0.01
660107,3,0.01
1170980,3,0.01
852537,3,0.01
1170982,3,0.01
660175,3,0.01
1170984,3,0.01
971797,3,0.01
1170986,3,0.01
660179,3,0.01
1170988,3,0.01
852543,3,0.01
1170990,3,0.01
660183,3,0.01
1170960,3,0.01
923607,3,0.01
1170962,3,0.01
660187,3,0.01
1170964,3,0.01
830656,3,0.01
1170966,3,0.01
660127,3,0.01
1170968,3,0.01
1275133,3,0.01
1170970,3,0.01
660131,3,0.01
1170972,3,0.01
830658,3,0.01
1170974,3,0.01
660135,3,0.01
1170944,3,0.01
923609,3,0.01
1170946,3,0.01
660139,3,0.01
1170948,3,0.01
830660,3,0.01
1170950,3,0.01
660207,3,0.01
1170952,3,0.01
980681,3,0.01
1170954,3,0.01
660211,3,0.01
1170956,3,0.01
830662,3,0.01
1170958,3,0.01
660215,3,0.01
1168672,3,0.01
923611,3,0.01
1168684,3,0.01
707130,3,0.01
1168696,3,0.01
879212,3,0.01
1168708,3,0.01
660159,3,0.01
1168720,3,0.01
1059692,3,0.01
1168732,3,0.01
660163,3,0.01
1168744,3,0.01
879214,3,0.01
1168756,3,0.01
660167,3,0.01
1168571,3,0.01
923613,3,0.01
1168583,3,0.01
660171,3,0.01
1168595,3,0.01
884136,3,0.01
1168612,3,0.01
714791,3,0.01
1168624,3,0.01
980683,3,0.01
1168636,3,0.01
714793,3,0.01
1168648,3,0.01
884138,3,0.01
1168660,3,0.01
714795,3,0.01
1163391,3,0.01
955331,3,0.01
1163397,3,0.01
714797,3,0.01
1163403,3,0.01
852501,3,0.01
1163409,3,0.01
660191,3,0.01
1163415,3,0.01
1062285,3,0.01
1163421,3,0.01
660195,3,0.01
1163427,3,0.01
852507,3,0.01
1163433,3,0.01
660199,3,0.01
1106461,3,0.01
955333,3,0.01
1146018,3,0.01
660203,3,0.01
1146020,3,0.01
852513,3,0.01
1146022,3,0.01
714807,3,0.01
1146024,3,0.01
980685,3,0.01
1146026,3,0.01
714809,3,0.01
1146028,3,0.01
852519,3,0.01
1163385,3,0.01
714811,3,0.01
1062352,3,0.01
955335,3,0.01
1062354,3,0.01
714813,3,0.01
1062356,3,0.01
885967,3,0.01
1062358,3,0.01
714783,3,0.01
1062360,3,0.01
1062286,3,0.01
1095254,3,0.01
714785,3,0.01
1095256,3,0.01
885975,3,0.01
1106452,3,0.01
714787,3,0.01
1062336,3,0.01
955337,3,0.01
1062338,3,0.01
714789,3,0.01
1062340,3,0.01
885981,3,0.01
1062342,3,0.01
714823,3,0.01
1062344,3,0.01
1059695,3,0.01
1062346,3,0.01
714825,3,0.01
1062348,3,0.01
885987,3,0.01
1062350,3,0.01
714827,3,0.01
1062328,3,0.01
947920,3,0.01
1062330,3,0.01
714829,3,0.01
1062332,3,0.01
879206,3,0.01
1062334,3,0.01
714799,3,0.01
879209,3,0.01
830443,3,0.01
951729,3,0.01
1062287,3,0.01
714802,3,0.01
1062317,3,0.01
447417,3,0.01
714803,3,0.01
487356,3,0.01
1275127,3,0.01
487358,3,0.01
714805,3,0.01
487360,3,0.01
879205,3,0.01
487362,3,0.01
714839,3,0.01
1062320,3,0.01
1273875,3,0.01
1062322,3,0.01
714841,3,0.01
1062324,3,0.01
879208,3,0.01
1062326,3,0.01
714843,3,0.01
492329,3,0.01
951733,3,0.01
492331,3,0.01
714845,3,0.01
492333,3,0.01
886017,3,0.01
492335,3,0.01
714815,3,0.01
447419,3,0.01
1273879,3,0.01
447421,3,0.01
714817,3,0.01
487352,3,0.01
886023,3,0.01
487354,3,0.01
714819,3,0.01
492345,3,0.01
951736,3,0.01
502953,3,0.01
714821,3,0.01
502958,3,0.01
886029,3,0.01
502962,3,0.01
714855,3,0.01
487364,3,0.01
1062248,3,0.01
487366,3,0.01
714857,3,0.01
492325,3,0.01
886035,3,0.01
492327,3,0.01
714859,3,0.01
535304,3,0.01
955347,3,0.01
535306,3,0.01
714861,3,0.01
535308,3,0.01
885943,3,0.01
535310,3,0.01
714831,3,0.01
492337,3,0.01
830441,3,0.01
492339,3,0.01
714833,3,0.01
492341,3,0.01
885951,3,0.01
492343,3,0.01
714835,3,0.01
535320,3,0.01
955349,3,0.01
535322,3,0.01
714837,3,0.01
535324,3,0.01
885959,3,0.01
535360,3,0.01
714871,3,0.01
502967,3,0.01
1062249,3,0.01
502971,3,0.01
714873,3,0.01
502975,3,0.01
885965,3,0.01
535302,3,0.01
714875,3,0.01
548524,3,0.01
955351,3,0.01
548528,3,0.01
714877,3,0.01
548532,3,0.01
886065,3,0.01
548536,3,0.01
714847,3,0.01
535312,3,0.01
1294629,3,0.01
535314,3,0.01
714849,3,0.01
535316,3,0.01
886071,3,0.01
535318,3,0.01
714851,3,0.01
555888,3,0.01
955353,3,0.01
555894,3,0.01
714853,3,0.01
555898,3,0.01
886077,3,0.01
571677,3,0.01
714887,3,0.01
535364,3,0.01
1062250,3,0.01
535368,3,0.01
714889,3,0.01
535372,3,0.01
886083,3,0.01
535376,3,0.01
714891,3,0.01
576007,3,0.01
951753,3,0.01
576009,3,0.01
714893,3,0.01
576011,3,0.01
885993,3,0.01
576013,3,0.01
714863,3,0.01
555869,3,0.01
1062306,3,0.01
555875,3,0.01
714865,3,0.01
555879,3,0.01
885999,3,0.01
555884,3,0.01
714867,3,0.01
576023,3,0.01
955325,3,0.01
576025,3,0.01
714869,3,0.01
576027,3,0.01
886005,3,0.01
576029,3,0.01
714903,3,0.01
571679,3,0.01
980686,3,0.01
571681,3,0.01
714905,3,0.01
571683,3,0.01
886011,3,0.01
571685,3,0.01
714907,3,0.01
576039,3,0.01
955327,3,0.01
576041,3,0.01
714909,3,0.01
576043,3,0.01
886113,3,0.01
576045,3,0.01
714879,3,0.01
576015,3,0.01
1062251,3,0.01
576017,3,0.01
714881,3,0.01
576019,3,0.01
886119,3,0.01
576021,3,0.01
714883,3,0.01
597940,3,0.01
955329,3,0.01
597942,3,0.01
714885,3,0.01
597944,3,0.01
886125,3,0.01
597946,3,0.01
775504,3,0.01
576031,3,0.01
971774,3,0.01
576033,3,0.01
775513,3,0.01
576035,3,0.01
886131,3,0.01
576037,3,0.01
776001,3,0.01
597956,3,0.01
955363,3,0.01
597958,3,0.01
776012,3,0.01
597960,3,0.01
886041,3,0.01
597962,3,0.01
714895,3,0.01
576047,3,0.01
1062257,3,0.01
576049,3,0.01
714897,3,0.01
576051,3,0.01
886047,3,0.01
576053,3,0.01
714899,3,0.01
597972,3,0.01
955365,3,0.01
597974,3,0.01
714901,3,0.01
597976,3,0.01
886053,3,0.01
597978,3,0.01
776074,3,0.01
597948,3,0.01
971776,3,0.01
597950,3,0.01
776086,3,0.01
597952,3,0.01
886059,3,0.01
597954,3,0.01
776097,3,0.01
597988,3,0.01
955367,3,0.01
597990,3,0.01
776107,3,0.01
597992,3,0.01
886161,3,0.01
597994,3,0.01
715395,3,0.01
597964,3,0.01
1062253,3,0.01
597966,3,0.01
715399,3,0.01
597968,3,0.01
886167,3,0.01
597970,3,0.01
715409,3,0.01
598004,3,0.01
955369,3,0.01
598006,3,0.01
715418,3,0.01
598008,3,0.01
887395,3,0.01
598010,3,0.01
776169,3,0.01
597980,3,0.01
971778,3,0.01
597982,3,0.01
776180,3,0.01
597984,3,0.01
887397,3,0.01
597986,3,0.01
776194,3,0.01
598020,3,0.01
955339,3,0.01
598022,3,0.01
776206,3,0.01
598024,3,0.01
886089,3,0.01
598026,3,0.01
776024,3,0.01
597996,3,0.01
1062235,3,0.01
597998,3,0.01
776038,3,0.01
598000,3,0.01
886095,3,0.01
598002,3,0.01
776050,3,0.01
598037,3,0.01
955341,3,0.01
598040,3,0.01
776062,3,0.01
598042,3,0.01
886101,3,0.01
598044,3,0.01
776276,3,0.01
598012,3,0.01
980694,3,0.01
598014,3,0.01
776296,3,0.01
598016,3,0.01
886107,3,0.01
598018,3,0.01
776308,3,0.01
606385,3,0.01
955343,3,0.01
606387,3,0.01
776320,3,0.01
606892,3,0.01
887407,3,0.01
606894,3,0.01
776119,3,0.01
598028,3,0.01
1062255,3,0.01
598030,3,0.01
776131,3,0.01
598032,3,0.01
887409,3,0.01
598034,3,0.01
776145,3,0.01
606904,3,0.01
955345,3,0.01
606906,3,0.01
776156,3,0.01
616128,3,0.01
887411,3,0.01
616132,3,0.01
776385,3,0.01
603582,3,0.01
980696,3,0.01
603584,3,0.01
776402,3,0.01
603586,3,0.01
887413,3,0.01
603588,3,0.01
776413,3,0.01
616152,3,0.01
955379,3,0.01
616156,3,0.01
776431,3,0.01
616160,3,0.01
886137,3,0.01
616164,3,0.01
776223,3,0.01
606896,3,0.01
1062259,3,0.01
606898,3,0.01
776238,3,0.01
606900,3,0.01
886143,3,0.01
606902,3,0.01
776250,3,0.01
616184,3,0.01
955381,3,0.01
616188,3,0.01
776262,3,0.01
616192,3,0.01
886149,3,0.01
616196,3,0.01
776489,3,0.01
616136,3,0.01
980698,3,0.01
616140,3,0.01
776500,3,0.01
616144,3,0.01
886155,3,0.01
616148,3,0.01
776512,3,0.01
616216,3,0.01
963992,3,0.01
616220,3,0.01
776524,3,0.01
616224,3,0.01
887423,3,0.01
616228,3,0.01
776332,3,0.01
616168,3,0.01
1059706,3,0.01
616172,3,0.01
776343,3,0.01
616176,3,0.01
887425,3,0.01
616180,3,0.01
776355,3,0.01
616248,3,0.01
963994,3,0.01
616252,3,0.01
776370,3,0.01
616256,3,0.01
887427,3,0.01
616260,3,0.01
776717,3,0.01
616200,3,0.01
980700,3,0.01
616204,3,0.01
776739,3,0.01
616208,3,0.01
887429,3,0.01
616212,3,0.01
776751,3,0.01
616280,3,0.01
955355,3,0.01
616284,3,0.01
776775,3,0.01
616288,3,0.01
887399,3,0.01
616292,3,0.01
776444,3,0.01
616232,3,0.01
1062277,3,0.01
616236,3,0.01
776456,3,0.01
616240,3,0.01
887401,3,0.01
616244,3,0.01
776468,3,0.01
616312,3,0.01
955357,3,0.01
616316,3,0.01
776479,3,0.01
616320,3,0.01
887403,3,0.01
616324,3,0.01
776895,3,0.01
616264,3,0.01
980702,3,0.01
616268,3,0.01
776903,3,0.01
616272,3,0.01
887405,3,0.01
616276,3,0.01
776917,3,0.01
616344,3,0.01
955359,3,0.01
616348,3,0.01
776930,3,0.01
616352,3,0.01
887439,3,0.01
616356,3,0.01
776581,3,0.01
616296,3,0.01
1059708,3,0.01
616300,3,0.01
776616,3,0.01
616304,3,0.01
887441,3,0.01
616308,3,0.01
776688,3,0.01
616376,3,0.01
955361,3,0.01
616380,3,0.01
776700,3,0.01
616384,3,0.01
887443,3,0.01
616388,3,0.01
792950,3,0.01
616328,3,0.01
971790,3,0.01
616332,3,0.01
792952,3,0.01
616336,3,0.01
887445,3,0.01
616340,3,0.01
792954,3,0.01
616408,3,0.01
964004,3,0.01
616412,3,0.01
792956,3,0.01
616416,3,0.01
887415,3,0.01
616420,3,0.01
776792,3,0.01
616360,3,0.01
1062261,3,0.01
616364,3,0.01
776814,3,0.01
616368,3,0.01
887417,3,0.01
616372,3,0.01
776846,3,0.01
616460,3,0.01
964006,3,0.01
616464,3,0.01
776863,3,0.01
616468,3,0.01
887419,3,0.01
616475,3,0.01
792966,3,0.01
616392,3,0.01
971792,3,0.01
616396,3,0.01
792968,3,0.01
616400,3,0.01
887421,3,0.01
616404,3,0.01
792970,3,0.01
616495,3,0.01
964008,3,0.01
616499,3,0.01
792972,3,0.01
616503,3,0.01
887455,3,0.01
616507,3,0.01
786583,3,0.01
616424,3,0.01
1059710,3,0.01
616429,3,0.01
786585,3,0.01
616438,3,0.01
887457,3,0.01
616452,3,0.01
786587,3,0.01
616527,3,0.01
964010,3,0.01
616531,3,0.01
786589,3,0.01
616535,3,0.01
887459,3,0.01
616539,3,0.01
792982,3,0.01
616479,3,0.01
971794,3,0.01
616483,3,0.01
792984,3,0.01
616487,3,0.01
887461,3,0.01
616491,3,0.01
792986,3,0.01
616559,3,0.01
955371,3,0.01
616563,3,0.01
792988,3,0.01
616567,3,0.01
887431,3,0.01
616571,3,0.01
792958,3,0.01
616511,3,0.01
616515,3,0.01
792960,3,0.01
616519,3,0.01
887433,3,0.01
616523,3,0.01
792962,3,0.01
616591,3,0.01
955373,3,0.01
616595,3,0.01
792964,3,0.01
616599,3,0.01
887435,3,0.01
616603,3,0.01
792998,3,0.01
616543,3,0.01
988037,3,0.01
616547,3,0.01
793000,3,0.01
616551,3,0.01
887437,3,0.01
616555,3,0.01
793002,3,0.01
616623,3,0.01
955375,3,0.01
616627,3,0.01
793004,3,0.01
616631,3,0.01
887681,3,0.01
616635,3,0.01
792974,3,0.01
616575,3,0.01
1062263,3,0.01
616579,3,0.01
792976,3,0.01
616583,3,0.01
887683,3,0.01
616587,3,0.01
792978,3,0.01
616655,3,0.01
955377,3,0.01
616659,3,0.01
792980,3,0.01
616663,3,0.01
887685,3,0.01
616667,3,0.01
793014,3,0.01
616607,3,0.01
988039,3,0.01
616611,3,0.01
793016,3,0.01
616615,3,0.01
887687,3,0.01
616619,3,0.01
793018,3,0.01
616687,3,0.01
965035,3,0.01
616691,3,0.01
793020,3,0.01
616695,3,0.01
887447,3,0.01
616699,3,0.01
792990,3,0.01
616639,3,0.01
1062295,3,0.01
616643,3,0.01
792992,3,0.01
616647,3,0.01
887449,3,0.01
616651,3,0.01
792994,3,0.01
616719,3,0.01
965037,3,0.01
616723,3,0.01
792996,3,0.01
616727,3,0.01
887451,3,0.01
616731,3,0.01
793030,3,0.01
616671,3,0.01
988041,3,0.01
616675,3,0.01
793032,3,0.01
616679,3,0.01
887453,3,0.01
616683,3,0.01
793034,3,0.01
616751,3,0.01
965039,3,0.01
616755,3,0.01
793036,3,0.01
616759,3,0.01
887697,3,0.01
616763,3,0.01
793006,3,0.01
616703,3,0.01
1062265,3,0.01
616707,3,0.01
793008,3,0.01
616711,3,0.01
887699,3,0.01
616715,3,0.01
793010,3,0.01
616783,3,0.01
965041,3,0.01
616787,3,0.01
793012,3,0.01
616791,3,0.01
887701,3,0.01
616795,3,0.01
793046,3,0.01
616735,3,0.01
988043,3,0.01
616739,3,0.01
793048,3,0.01
616743,3,0.01
887703,3,0.01
616747,3,0.01
793050,3,0.01
616815,3,0.01
963996,3,0.01
616819,3,0.01
793052,3,0.01
616823,3,0.01
887463,3,0.01
616827,3,0.01
793022,3,0.01
616767,3,0.01
1062311,3,0.01
616771,3,0.01
793024,3,0.01
616775,3,0.01
887465,3,0.01
616779,3,0.01
793026,3,0.01
616847,3,0.01
963998,3,0.01
616851,3,0.01
793028,3,0.01
616855,3,0.01
887467,3,0.01
616859,3,0.01
793062,3,0.01
616799,3,0.01
988045,3,0.01
616803,3,0.01
793064,3,0.01
616807,3,0.01
887679,3,0.01
616811,3,0.01
796352,3,0.01
616879,3,0.01
964000,3,0.01
616883,3,0.01
796354,3,0.01
616887,3,0.01
887713,3,0.01
616891,3,0.01
793038,3,0.01
616831,3,0.01
1062267,3,0.01
616835,3,0.01
793040,3,0.01
616839,3,0.01
887715,3,0.01
616843,3,0.01
793042,3,0.01
616911,3,0.01
964002,3,0.01
616915,3,0.01
793044,3,0.01
616919,3,0.01
887717,3,0.01
616923,3,0.01
796364,3,0.01
616863,3,0.01
980688,3,0.01
616867,3,0.01
796366,3,0.01
616871,3,0.01
887719,3,0.01
616875,3,0.01
796368,3,0.01
616943,3,0.01
965051,3,0.01
616947,3,0.01
796370,3,0.01
616951,3,0.01
887689,3,0.01
616955,3,0.01
793054,3,0.01
616895,3,0.01
1062297,3,0.01
616899,3,0.01
793056,3,0.01
616903,3,0.01
887691,3,0.01
616907,3,0.01
793058,3,0.01
616975,3,0.01
965053,3,0.01
616979,3,0.01
793060,3,0.01
616983,3,0.01
887693,3,0.01
616987,3,0.01
796380,3,0.01
616927,3,0.01
980690,3,0.01
616931,3,0.01
796382,3,0.01
616935,3,0.01
887695,3,0.01
616939,3,0.01
796384,3,0.01
617007,3,0.01
971737,3,0.01
617011,3,0.01
796386,3,0.01
617015,3,0.01
887729,3,0.01
617019,3,0.01
796356,3,0.01
616959,3,0.01
1062269,3,0.01
616963,3,0.01
796358,3,0.01
616967,3,0.01
887731,3,0.01
616971,3,0.01
796360,3,0.01
617039,3,0.01
971739,3,0.01
617043,3,0.01
796362,3,0.01
625154,3,0.01
887733,3,0.01
625156,3,0.01
796396,3,0.01
616991,3,0.01
980692,3,0.01
616995,3,0.01
796398,3,0.01
616999,3,0.01
887735,3,0.01
617003,3,0.01
796400,3,0.01
625166,3,0.01
964012,3,0.01
625168,3,0.01
796402,3,0.01
625170,3,0.01
887705,3,0.01
625172,3,0.01
796372,3,0.01
617023,3,0.01
1062319,3,0.01
617027,3,0.01
796374,3,0.01
617031,3,0.01
887707,3,0.01
617035,3,0.01
796376,3,0.01
625182,3,0.01
964014,3,0.01
625184,3,0.01
796378,3,0.01
625186,3,0.01
887709,3,0.01
659318,3,0.01
796412,3,0.01
625158,3,0.01
1059696,3,0.01
625160,3,0.01
796414,3,0.01
625162,3,0.01
887711,3,0.01
625164,3,0.01
796416,3,0.01
659338,3,0.01
964016,3,0.01
659342,3,0.01
796418,3,0.01
659346,3,0.01
887745,3,0.01
659350,3,0.01
796388,3,0.01
625174,3,0.01
1062271,3,0.01
625176,3,0.01
796390,3,0.01
625178,3,0.01
887747,3,0.01
625180,3,0.01
796392,3,0.01
659370,3,0.01
965033,3,0.01
659374,3,0.01
796394,3,0.01
659378,3,0.01
887749,3,0.01
659382,3,0.01
796428,3,0.01
659322,3,0.01
1059698,3,0.01
659326,3,0.01
796430,3,0.01
659330,3,0.01
887751,3,0.01
659334,3,0.01
796432,3,0.01
659402,3,0.01
971749,3,0.01
659406,3,0.01
796434,3,0.01
659410,3,0.01
887721,3,0.01
659414,3,0.01
796404,3,0.01
659354,3,0.01
1062299,3,0.01
659358,3,0.01
796406,3,0.01
659362,3,0.01
887723,3,0.01
659366,3,0.01
796408,3,0.01
659434,3,0.01
971751,3,0.01
659438,3,0.01
796410,3,0.01
659442,3,0.01
887725,3,0.01
659446,3,0.01
796444,3,0.01
659386,3,0.01
1059700,3,0.01
659390,3,0.01
796446,3,0.01
659394,3,0.01
887727,3,0.01
659398,3,0.01
796448,3,0.01
659466,3,0.01
971753,3,0.01
659470,3,0.01
796450,3,0.01
659474,3,0.01
887761,3,0.01
659478,3,0.01
796420,3,0.01
659418,3,0.01
1062241,3,0.01
659422,3,0.01
796422,3,0.01
659426,3,0.01
887763,3,0.01
659430,3,0.01
796424,3,0.01
659498,3,0.01
971755,3,0.01
659502,3,0.01
796426,3,0.01
659506,3,0.01
887765,3,0.01
659510,3,0.01
796460,3,0.01
659450,3,0.01
1059702,3,0.01
659454,3,0.01
796462,3,0.01
659458,3,0.01
887767,3,0.01
659462,3,0.01
796464,3,0.01
659530,3,0.01
965043,3,0.01
659534,3,0.01
796466,3,0.01
659538,3,0.01
887737,3,0.01
659542,3,0.01
796436,3,0.01
659482,3,0.01
1062313,3,0.01
659486,3,0.01
796438,3,0.01
659490,3,0.01
887739,3,0.01
659494,3,0.01
796440,3,0.01
659562,3,0.01
965045,3,0.01
659566,3,0.01
796442,3,0.01
659570,3,0.01
887741,3,0.01
659574,3,0.01
822054,3,0.01
659514,3,0.01
1059704,3,0.01
659518,3,0.01
822056,3,0.01
659522,3,0.01
887743,3,0.01
659526,3,0.01
822058,3,0.01
659594,3,0.01
965047,3,0.01
659598,3,0.01
822060,3,0.01
659602,3,0.01
887777,3,0.01
659606,3,0.01
796452,3,0.01
659546,3,0.01
1062243,3,0.01
659550,3,0.01
796454,3,0.01
659554,3,0.01
887779,3,0.01
659558,3,0.01
796456,3,0.01
659628,3,0.01
965049,3,0.01
659634,3,0.01
796458,3,0.01
659638,3,0.01
887781,3,0.01
659642,3,0.01
830397,3,0.01
659578,3,0.01
988031,3,0.01
659582,3,0.01
830399,3,0.01
659586,3,0.01
887783,3,0.01
659590,3,0.01
830401,3,0.01
659663,3,0.01
971765,3,0.01
659667,3,0.01
830403,3,0.01
659671,3,0.01
887753,3,0.01
659675,3,0.01
822046,3,0.01
659610,3,0.01
1062301,3,0.01
659614,3,0.01
822048,3,0.01
659618,3,0.01
887755,3,0.01
659622,3,0.01
822050,3,0.01
659695,3,0.01
971767,3,0.01
659699,3,0.01
822052,3,0.01
659703,3,0.01
887757,3,0.01
659707,3,0.01
830413,3,0.01
659647,3,0.01
988033,3,0.01
659651,3,0.01
830415,3,0.01
659655,3,0.01
887759,3,0.01
659659,3,0.01
830417,3,0.01
659727,3,0.01
971769,3,0.01
659731,3,0.01
830419,3,0.01
659735,3,0.01
887793,3,0.01
659739,3,0.01
825443,3,0.01
659679,3,0.01
1062245,3,0.01
659683,3,0.01
825447,3,0.01
659687,3,0.01
887795,3,0.01
659691,3,0.01
825451,3,0.01
659759,3,0.01
971771,3,0.01
659763,3,0.01
825455,3,0.01
659767,3,0.01
887797,3,0.01
659771,3,0.01
830429,3,0.01
659711,3,0.01
988035,3,0.01
659715,3,0.01
830431,3,0.01
659719,3,0.01
887799,3,0.01
659723,3,0.01
830433,3,0.01
659791,3,0.01
971741,3,0.01
659795,3,0.01
830435,3,0.01
659799,3,0.01
887769,3,0.01
659803,3,0.01
830405,3,0.01
659743,3,0.01
1062291,3,0.01
659747,3,0.01
830407,3,0.01
659751,3,0.01
887771,3,0.01
659755,3,0.01
830409,3,0.01
659823,3,0.01
971743,3,0.01
659827,3,0.01
830411,3,0.01
659831,3,0.01
887773,3,0.01
659835,3,0.01
830445,3,0.01
659775,3,0.01
1059712,3,0.01
659779,3,0.01
830447,3,0.01
659783,3,0.01
887775,3,0.01
659787,3,0.01
830449,3,0.01
659855,3,0.01
971745,3,0.01
659859,3,0.01
830451,3,0.01
659863,3,0.01
911955,3,0.01
659867,3,0.01
830421,3,0.01
659807,3,0.01
1062279,3,0.01
659811,3,0.01
830423,3,0.01
659815,3,0.01
911957,3,0.01
659819,3,0.01
830425,3,0.01
659887,3,0.01
971747,3,0.01
659891,3,0.01
830427,3,0.01
659895,3,0.01
911959,3,0.01
659899,3,0.01
830616,3,0.01
659839,3,0.01
1059714,3,0.01
659843,3,0.01
830618,3,0.01
659847,3,0.01
923605,3,0.01
659851,3,0.01
830620,3,0.01
659919,3,0.01
971781,3,0.01
659923,3,0.01
830622,3,0.01
659927,3,0.01
887785,3,0.01
659931,3,0.01
830437,3,0.01
659871,3,0.01
1062303,3,0.01
1062294,3,0.01
1275135,3,0.01
1275134,3,0.01
830440,3,0.01
1273878,3,0.01
1062304,3,0.01
1273882,3,0.01
887788,3,0.01
1273886,3,0.01
1275130,3,0.01
1273840,3,0.01
830631,3,0.01
1273852,3,0.01
659965,3,0.01
1273864,3,0.01
971784,3,0.01
1273870,3,0.01
659909,3,0.01
1273792,3,0.01
830635,3,0.01
1273804,3,0.01
659981,3,0.01
1273816,3,0.01
923614,3,0.01
1273828,3,0.01
659989,3,0.01
1273744,3,0.01
830639,3,0.01
1273756,3,0.01
659997,3,0.01
1273768,3,0.01
1062236,3,0.01
1273780,3,0.01
659941,3,0.01
1273696,3,0.01
830611,3,0.01
1273708,3,0.01
660013,3,0.01
1273720,3,0.01
923618,3,0.01
1273732,3,0.01
660021,3,0.01
1273648,3,0.01
830647,3,0.01
1273660,3,0.01
660029,3,0.01
1273672,3,0.01
971788,3,0.01
1273684,3,0.01
659973,3,0.01
1262056,3,0.01
830651,3,0.01
1262060,3,0.01
660045,3,0.01
1262064,3,0.01
943931,3,0.01
1273636,3,0.01
660053,3,0.01
1247544,3,0.01
830655,3,0.01
1247548,3,0.01
660061,3,0.01
1247552,3,0.01
1062315,3,0.01
1247556,3,0.01
660005,3,0.01
1247528,3,0.01
830627,3,0.01
1247532,3,0.01
660077,3,0.01
1247536,3,0.01
887804,3,0.01
1247540,3,0.01
660085,3,0.01
1236139,3,0.01
830663,3,0.01
1236146,3,0.01
660093,3,0.01
1247520,3,0.01
971760,3,0.01
1247524,3,0.01
660037,3,0.01
1216167,3,0.01
830667,3,0.01
1231439,3,0.01
660109,3,0.01
1236125,3,0.01
951738,3,0.01
1236132,3,0.01
660117,3,0.01
1216141,3,0.01
988046,3,0.01
1216143,3,0.01
660125,3,0.01
1216151,3,0.01
1273881,3,0.01
1216159,3,0.01
660069,3,0.01
1171007,3,0.01
830643,3,0.01
1171011,3,0.01
660141,3,0.01
1216125,3,0.01
951745,3,0.01
1216133,3,0.01
660149,3,0.01
1170991,3,0.01
852522,3,0.01
1170995,3,0.01
660157,3,0.01
1170999,3,0.01
971796,3,0.01
1171003,3,0.01
660101,3,0.01
1170975,3,0.01
852534,3,0.01
1170979,3,0.01
660173,3,0.01
1170983,3,0.01
951752,3,0.01
1170987,3,0.01
660181,3,0.01
1170959,3,0.01
879203,3,0.01
1170963,3,0.01
660189,3,0.01
1170967,3,0.01
1062284,3,0.01
1170971,3,0.01
660133,3,0.01
1170943,3,0.01
830659,3,0.01
1170947,3,0.01
660205,3,0.01
1170951,3,0.01
923610,3,0.01
1170955,3,0.01
660213,3,0.01
1168666,3,0.01
879210,3,0.01
1168690,3,0.01
707131,3,0.01
1168714,3,0.01
980682,3,0.01
1168738,3,0.01
660165,3,0.01
1163436,3,0.01
879215,3,0.01
1168589,3,0.01
714790,3,0.01
1168618,3,0.01
955330,3,0.01
1168642,3,0.01
714794,3,0.01
1163388,3,0.01
884139,3,0.01
1163400,3,0.01
714798,3,0.01
1163412,3,0.01
1059693,3,0.01
1163424,3,0.01
660197,3,0.01
1106457,3,0.01
852510,3,0.01
1146019,3,0.01
714806,3,0.01
1146023,3,0.01
955334,3,0.01
1146027,3,0.01
714810,3,0.01
1062351,3,0.01
885966,3,0.01
1062355,3,0.01
714814,3,0.01
1062359,3,0.01
1059694,3,0.01
1095255,3,0.01
714786,3,0.01
447418,3,0.01
885978,3,0.01
1062339,3,0.01
714822,3,0.01
1062343,3,0.01
955338,3,0.01
1062347,3,0.01
714826,3,0.01
1062327,3,0.01
885990,3,0.01
1062331,3,0.01
714830,3,0.01
1062335,3,0.01
1273887,3,0.01
714801,3,0.01
1062247,3,0.01
487355,3,0.01
879204,3,0.01
487359,3,0.01
714838,3,0.01
487363,3,0.01
951731,3,0.01
1062323,3,0.01
714842,3,0.01
492328,3,0.01
886014,3,0.01
492332,3,0.01
714846,3,0.01
492336,3,0.01
1062275,3,0.01
452005,3,0.01
714818,3,0.01
492344,3,0.01
886026,3,0.01
502955,3,0.01
714854,3,0.01
502964,3,0.01
955346,3,0.01
487367,3,0.01
714858,3,0.01
535303,3,0.01
886038,3,0.01
535307,3,0.01
714862,3,0.01
535311,3,0.01
830439,3,0.01
492340,3,0.01
714834,3,0.01
535319,3,0.01
885956,3,0.01
535323,3,0.01
714870,3,0.01
535362,3,0.01
955350,3,0.01
502973,3,0.01
714874,3,0.01
548522,3,0.01
886062,3,0.01
548530,3,0.01
714878,3,0.01
555867,3,0.01
1062256,3,0.01
535315,3,0.01
714850,3,0.01
555886,3,0.01
886074,3,0.01
555896,3,0.01
714886,3,0.01
571678,3,0.01
955354,3,0.01
535370,3,0.01
714890,3,0.01
571686,3,0.01
886086,3,0.01
576010,3,0.01
714894,3,0.01
576014,3,0.01
1294633,3,0.01
555877,3,0.01
714866,3,0.01
576022,3,0.01
886002,3,0.01
576026,3,0.01
714902,3,0.01
576030,3,0.01
955326,3,0.01
571682,3,0.01
714906,3,0.01
576038,3,0.01
886110,3,0.01
576042,3,0.01
715393,3,0.01
576046,3,0.01
971773,3,0.01
576018,3,0.01
714882,3,0.01
576054,3,0.01
886122,3,0.01
597943,3,0.01
775502,3,0.01
597947,3,0.01
955362,3,0.01
576034,3,0.01
775996,3,0.01
597955,3,0.01
886134,3,0.01
597959,3,0.01
776018,3,0.01
597963,3,0.01
1062252,3,0.01
576050,3,0.01
714898,3,0.01
597971,3,0.01
886050,3,0.01
597975,3,0.01
776068,3,0.01
597979,3,0.01
955366,3,0.01
597951,3,0.01
776092,3,0.01
597987,3,0.01
886158,3,0.01
597991,3,0.01
776113,3,0.01
597995,3,0.01
971777,3,0.01
597967,3,0.01
715407,3,0.01
598003,3,0.01
886170,3,0.01
598007,3,0.01
776163,3,0.01
598011,3,0.01
955370,3,0.01
597983,3,0.01
776185,3,0.01
598019,3,0.01
887398,3,0.01
598023,3,0.01
776217,3,0.01
598027,3,0.01
1062276,3,0.01
597999,3,0.01
776044,3,0.01
598035,3,0.01
886098,3,0.01
598041,3,0.01
776270,3,0.01
603581,3,0.01
955342,3,0.01
598015,3,0.01
776302,3,0.01
606384,3,0.01
887406,3,0.01
606891,3,0.01
776326,3,0.01
606895,3,0.01
980695,3,0.01
598031,3,0.01
776136,3,0.01
606903,3,0.01
887410,3,0.01
606907,3,0.01
776379,3,0.01
616134,3,0.01
955378,3,0.01
603585,3,0.01
776408,3,0.01
616150,3,0.01
887414,3,0.01
616158,3,0.01
776437,3,0.01
616166,3,0.01
1059705,3,0.01
606899,3,0.01
776244,3,0.01
616182,3,0.01
886146,3,0.01
616190,3,0.01
776483,3,0.01
616198,3,0.01
963991,3,0.01
616142,3,0.01
776506,3,0.01
616214,3,0.01
887422,3,0.01
616222,3,0.01
776530,3,0.01
616230,3,0.01
980699,3,0.01
616174,3,0.01
776349,3,0.01
616246,3,0.01
887426,3,0.01
616254,3,0.01
776706,3,0.01
616262,3,0.01
963995,3,0.01
616206,3,0.01
776745,3,0.01
616278,3,0.01
887430,3,0.01
616286,3,0.01
776786,3,0.01
616294,3,0.01
1062260,3,0.01
616238,3,0.01
776462,3,0.01
616310,3,0.01
887402,3,0.01
616318,3,0.01
776889,3,0.01
616326,3,0.01
955358,3,0.01
616270,3,0.01
776907,3,0.01
616342,3,0.01
887438,3,0.01
616350,3,0.01
786582,3,0.01
616358,3,0.01
971789,3,0.01
616302,3,0.01
776679,3,0.01
616374,3,0.01
887442,3,0.01
616382,3,0.01
792949,3,0.01
616390,3,0.01
964003,3,0.01
616334,3,0.01
792953,3,0.01
616406,3,0.01
887446,3,0.01
616414,3,0.01
792957,3,0.01
616422,3,0.01
1059709,3,0.01
616366,3,0.01
776825,3,0.01
616455,3,0.01
887418,3,0.01
616466,3,0.01
792965,3,0.01
616477,3,0.01
964007,3,0.01
616398,3,0.01
792969,3,0.01
616493,3,0.01
887454,3,0.01
616501,3,0.01
792973,3,0.01
616509,3,0.01
971793,3,0.01
616432,3,0.01
786586,3,0.01
616525,3,0.01
887458,3,0.01
616533,3,0.01
792981,3,0.01
616541,3,0.01
964011,3,0.01
616485,3,0.01
792985,3,0.01
616557,3,0.01
887462,3,0.01
616565,3,0.01
792989,3,0.01
616573,3,0.01
616517,3,0.01
792961,3,0.01
616589,3,0.01
887434,3,0.01
616597,3,0.01
792997,3,0.01
616605,3,0.01
955374,3,0.01
616549,3,0.01
793001,3,0.01
616621,3,0.01
887680,3,0.01
616629,3,0.01
793005,3,0.01
616637,3,0.01
988038,3,0.01
616581,3,0.01
792977,3,0.01
616653,3,0.01
887684,3,0.01
616661,3,0.01
793013,3,0.01
616669,3,0.01
965034,3,0.01
616613,3,0.01
793017,3,0.01
616685,3,0.01
887688,3,0.01
616693,3,0.01
793021,3,0.01
616701,3,0.01
1062264,3,0.01
616645,3,0.01
792993,3,0.01
616717,3,0.01
887450,3,0.01
616725,3,0.01
793029,3,0.01
616733,3,0.01
965038,3,0.01
616677,3,0.01
793033,3,0.01
616749,3,0.01
887696,3,0.01
616757,3,0.01
793037,3,0.01
616765,3,0.01
988042,3,0.01
616709,3,0.01
793009,3,0.01
616781,3,0.01
887700,3,0.01
616789,3,0.01
793045,3,0.01
616797,3,0.01
965042,3,0.01
616741,3,0.01
793049,3,0.01
616813,3,0.01
887704,3,0.01
616821,3,0.01
793053,3,0.01
616829,3,0.01
1062296,3,0.01
616773,3,0.01
793025,3,0.01
616845,3,0.01
887466,3,0.01
616853,3,0.01
793061,3,0.01
616861,3,0.01
963999,3,0.01
616805,3,0.01
796351,3,0.01
616877,3,0.01
887712,3,0.01
616885,3,0.01
796355,3,0.01
616893,3,0.01
980687,3,0.01
616837,3,0.01
793041,3,0.01
616909,3,0.01
887716,3,0.01
616917,3,0.01
796363,3,0.01
616925,3,0.01
965050,3,0.01
616869,3,0.01
796367,3,0.01
616941,3,0.01
887720,3,0.01
616949,3,0.01
796371,3,0.01
616957,3,0.01
1062268,3,0.01
616901,3,0.01
793057,3,0.01
616973,3,0.01
887692,3,0.01
616981,3,0.01
796379,3,0.01
616989,3,0.01
971736,3,0.01
616933,3,0.01
796383,3,0.01
617005,3,0.01
887728,3,0.01
617013,3,0.01
796387,3,0.01
617021,3,0.01
980691,3,0.01
616965,3,0.01
796359,3,0.01
617037,3,0.01
887732,3,0.01
617045,3,0.01
796395,3,0.01
625157,3,0.01
971740,3,0.01
616997,3,0.01
796399,3,0.01
625165,3,0.01
887736,3,0.01
625169,3,0.01
796403,3,0.01
625173,3,0.01
1062312,3,0.01
617029,3,0.01
796375,3,0.01
625181,3,0.01
887708,3,0.01
625185,3,0.01
796411,3,0.01
659320,3,0.01
964015,3,0.01
625161,3,0.01
796415,3,0.01
659336,3,0.01
887744,3,0.01
659344,3,0.01
796419,3,0.01
659352,3,0.01
1059697,3,0.01
625177,3,0.01
796391,3,0.01
659368,3,0.01
887748,3,0.01
659376,3,0.01
796427,3,0.01
659384,3,0.01
971748,3,0.01
659328,3,0.01
796431,3,0.01
659400,3,0.01
887752,3,0.01
659408,3,0.01
796435,3,0.01
659416,3,0.01
1062240,3,0.01
659360,3,0.01
796407,3,0.01
659432,3,0.01
887724,3,0.01
659440,3,0.01
796443,3,0.01
659448,3,0.01
971752,3,0.01
659392,3,0.01
796447,3,0.01
659464,3,0.01
887760,3,0.01
659472,3,0.01
796451,3,0.01
659480,3,0.01
1059701,3,0.01
659424,3,0.01
796423,3,0.01
659496,3,0.01
887764,3,0.01
659504,3,0.01
796459,3,0.01
659512,3,0.01
971756,3,0.01
659456,3,0.01
796463,3,0.01
659528,3,0.01
887768,3,0.01
659536,3,0.01
816324,3,0.01
659544,3,0.01
1062300,3,0.01
659488,3,0.01
796439,3,0.01
659560,3,0.01
887740,3,0.01
659568,3,0.01
822053,3,0.01
659576,3,0.01
965046,3,0.01
659520,3,0.01
822057,3,0.01
659592,3,0.01
887776,3,0.01
659600,3,0.01
822061,3,0.01
659608,3,0.01
980703,3,0.01
659552,3,0.01
796455,3,0.01
659624,3,0.01
887780,3,0.01
659636,3,0.01
825457,3,0.01
659645,3,0.01
971764,3,0.01
659584,3,0.01
830400,3,0.01
659661,3,0.01
887784,3,0.01
659669,3,0.01
830404,3,0.01
659677,3,0.01
1062244,3,0.01
659616,3,0.01
822049,3,0.01
659693,3,0.01
887756,3,0.01
659701,3,0.01
830412,3,0.01
659709,3,0.01
971768,3,0.01
659653,3,0.01
830416,3,0.01
659725,3,0.01
887792,3,0.01
659733,3,0.01
830420,3,0.01
659741,3,0.01
988034,3,0.01
659685,3,0.01
825449,3,0.01
659757,3,0.01
887796,3,0.01
659765,3,0.01
830428,3,0.01
659773,3,0.01
971772,3,0.01
659717,3,0.01
830432,3,0.01
659789,3,0.01
887800,3,0.01
659797,3,0.01
830436,3,0.01
659805,3,0.01
1062288,3,0.01
659749,3,0.01
830408,3,0.01
659821,3,0.01
887772,3,0.01
659829,3,0.01
830444,3,0.01
659837,3,0.01
971744,3,0.01
659781,3,0.01
830448,3,0.01
659853,3,0.01
911954,3,0.01
659861,3,0.01
830452,3,0.01
659869,3,0.01
1059713,3,0.01
659813,3,0.01
830424,3,0.01
659885,3,0.01
911958,3,0.01
659893,3,0.01
830615,3,0.01
659901,3,0.01
971780,3,0.01
659845,3,0.01
830619,3,0.01
659917,3,0.01
923606,3,0.01
659925,3,0.01
830623,3,0.01
659933,3,0.01
1062280,3,0.01
1275128,3,0.01
1294631,3,0.01
1273880,3,0.01
830442,3,0.01
1273888,3,0.01
659961,3,0.01
1273858,3,0.01
887790,3,0.01
1273872,3,0.01
659913,3,0.01
1273810,3,0.01
830637,3,0.01
1273834,3,0.01
659993,3,0.01
1273762,3,0.01
971786,3,0.01
1273786,3,0.01
659945,3,0.01
1273714,3,0.01
830613,3,0.01
1273738,3,0.01
660025,3,0.01
1273666,3,0.01
943929,3,0.01
1273690,3,0.01
659977,3,0.01
1262062,3,0.01
830653,3,0.01
1273642,3,0.01
660057,3,0.01
1247550,3,0.01
1062282,3,0.01
1259351,3,0.01
660009,3,0.01
1247534,3,0.01
830629,3,0.01
1247542,3,0.01
660089,3,0.01
1247518,3,0.01
911952,3,0.01
1247526,3,0.01
660041,3,0.01
1236122,3,0.01
852492,3,0.01
1236135,3,0.01
951740,3,0.01
1216147,3,0.01
1062273,3,0.01
1216163,3,0.01
660073,3,0.01
1216121,3,0.01
830645,3,0.01
1216137,3,0.01
660153,3,0.01
1170997,3,0.01
951748,3,0.01
1171005,3,0.01
660105,3,0.01
1170981,3,0.01
852540,3,0.01
1170989,3,0.01
660185,3,0.01
1170965,3,0.01
1059691,3,0.01
1170973,3,0.01
660137,3,0.01
1170949,3,0.01
830661,3,0.01
1170957,3,0.01
660217,3,0.01
1168702,3,0.01
923612,3,0.01
1168750,3,0.01
660169,3,0.01
1168601,3,0.01
884137,3,0.01
1168654,3,0.01
714796,3,0.01
1163406,3,0.01
980684,3,0.01
1163430,3,0.01
660201,3,0.01
1146021,3,0.01
852516,3,0.01
1163381,3,0.01
714812,3,0.01
1062357,3,0.01
955336,3,0.01
1106450,3,0.01
714788,3,0.01
1062341,3,0.01
885984,3,0.01
1062349,3,0.01
714828,3,0.01
1062333,3,0.01
887787,3,0.01
879211,3,0.01
714804,3,0.01
487361,3,0.01
879207,3,0.01
1062325,3,0.01
714844,3,0.01
492334,3,0.01
951735,3,0.01
487353,3,0.01
714820,3,0.01
502960,3,0.01
886032,3,0.01
492326,3,0.01
714860,3,0.01
535309,3,0.01
1062290,3,0.01
492342,3,0.01
714836,3,0.01
535358,3,0.01
885962,3,0.01
502977,3,0.01
714876,3,0.01
548534,3,0.01
955352,3,0.01
535317,3,0.01
714852,3,0.01
555901,3,0.01
886080,3,0.01
535374,3,0.01
714892,3,0.01
576012,3,0.01
1273877,3,0.01
555881,3,0.01
714868,3,0.01
576028,3,0.01
886008,3,0.01
571684,3,0.01
714908,3,0.01
576044,3,0.01
955328,3,0.01
576020,3,0.01
714884,3,0.01
597945,3,0.01
886128,3,0.01
576036,3,0.01
776006,3,0.01
597961,3,0.01
971775,3,0.01
576052,3,0.01
714900,3,0.01
597977,3,0.01
886056,3,0.01
597953,3,0.01
776103,3,0.01
597993,3,0.01
955368,3,0.01
597969,3,0.01
715411,3,0.01
598009,3,0.01
887396,3,0.01
597985,3,0.01
776200,3,0.01
598025,3,0.01
1062258,3,0.01
598001,3,0.01
776056,3,0.01
598043,3,0.01
886104,3,0.01
598017,3,0.01
776314,3,0.01
606893,3,0.01
955344,3,0.01
598033,3,0.01
776151,3,0.01
616130,3,0.01
887412,3,0.01
603587,3,0.01
776422,3,0.01
616162,3,0.01
980697,3,0.01
606901,3,0.01
776256,3,0.01
616194,3,0.01
886152,3,0.01
616146,3,0.01
776518,3,0.01
616226,3,0.01
963993,3,0.01
616178,3,0.01
776364,3,0.01
616258,3,0.01
887428,3,0.01
616210,3,0.01
776757,3,0.01
616290,3,0.01
1059707,3,0.01
616242,3,0.01
776474,3,0.01
616322,3,0.01
887404,3,0.01
616274,3,0.01
776923,3,0.01
616354,3,0.01
955360,3,0.01
616306,3,0.01
776694,3,0.01
616386,3,0.01
887444,3,0.01
616338,3,0.01
792955,3,0.01
616418,3,0.01
971791,3,0.01
616370,3,0.01
776852,3,0.01
616473,3,0.01
887420,3,0.01
616402,3,0.01
792971,3,0.01
616505,3,0.01
964009,3,0.01
616443,3,0.01
786588,3,0.01
616537,3,0.01
887460,3,0.01
616489,3,0.01
792987,3,0.01
616569,3,0.01
616521,3,0.01
792963,3,0.01
616601,3,0.01
887436,3,0.01
616553,3,0.01
793003,3,0.01
616633,3,0.01
955376,3,0.01
616585,3,0.01
792979,3,0.01
616665,3,0.01
887686,3,0.01
616617,3,0.01
793019,3,0.01
616697,3,0.01
988040,3,0.01
616649,3,0.01
792995,3,0.01
616729,3,0.01
887452,3,0.01
616681,3,0.01
793035,3,0.01
616761,3,0.01
965040,3,0.01
616713,3,0.01
793011,3,0.01
616793,3,0.01
887702,3,0.01
616745,3,0.01
793051,3,0.01
616825,3,0.01
1062266,3,0.01
616777,3,0.01
793027,3,0.01
616857,3,0.01
887678,3,0.01
616809,3,0.01
796353,3,0.01
616889,3,0.01
964001,3,0.01
616841,3,0.01
793043,3,0.01
616921,3,0.01
887718,3,0.01
616873,3,0.01
796369,3,0.01
616953,3,0.01
980689,3,0.01
616905,3,0.01
793059,3,0.01
616985,3,0.01
887694,3,0.01
616937,3,0.01
796385,3,0.01
617017,3,0.01
971738,3,0.01
616969,3,0.01
796361,3,0.01
625155,3,0.01
887734,3,0.01
617001,3,0.01
796401,3,0.01
625171,3,0.01
1062298,3,0.01
617033,3,0.01
796377,3,0.01
625187,3,0.01
887710,3,0.01
625163,3,0.01
796417,3,0.01
659348,3,0.01
964017,3,0.01
625179,3,0.01
796393,3,0.01
659380,3,0.01
887750,3,0.01
659332,3,0.01
796433,3,0.01
659412,3,0.01
1059699,3,0.01
659364,3,0.01
796409,3,0.01
659444,3,0.01
887726,3,0.01
659396,3,0.01
796449,3,0.01
659476,3,0.01
971754,3,0.01
659428,3,0.01
796425,3,0.01
659508,3,0.01
887766,3,0.01
659460,3,0.01
796465,3,0.01
659540,3,0.01
1062242,3,0.01
659492,3,0.01
796441,3,0.01
659572,3,0.01
887742,3,0.01
659524,3,0.01
822059,3,0.01
659604,3,0.01
965048,3,0.01
659556,3,0.01
796457,3,0.01
659640,3,0.01
887782,3,0.01
659588,3,0.01
830402,3,0.01
659673,3,0.01
988032,3,0.01
659620,3,0.01
822051,3,0.01
659705,3,0.01
887758,3,0.01
659657,3,0.01
830418,3,0.01
659737,3,0.01
971770,3,0.01
659689,3,0.01
825453,3,0.01
659769,3,0.01
887798,3,0.01
659721,3,0.01
830434,3,0.01
659801,3,0.01
1062314,3,0.01
659753,3,0.01
830410,3,0.01
659833,3,0.01
887774,3,0.01
659785,3,0.01
830450,3,0.01
659865,3,0.01
971746,3,0.01
659817,3,0.01
830426,3,0.01
659897,3,0.01
923604,3,0.01
659849,3,0.01
830621,3,0.01
659929,3,0.01
1062234,3,0.01
1273876,3,0.01
1062308,3,0.01
1273846,3,0.01
830633,3,0.01
1273798,3,0.01
659985,3,0.01
1273750,3,0.01
923616,3,0.01
1273702,3,0.01
660017,3,0.01
1273654,3,0.01
830649,3,0.01
1262058,3,0.01
660049,3,0.01
1247546,3,0.01
1062238,3,0.01
1247530,3,0.01
660081,3,0.01
1236142,3,0.01
830665,3,0.01
1216171,3,0.01
660113,3,0.01
660121,3,0.01
971762,3,0.01
1171009,3,0.01
660145,3,0.01
1170993,3,0.01
852528,3,0.01
1170977,3,0.01
660177,3,0.01
1170961,3,0.01
971798,3,0.01
1170945,3,0.01
660209,3,0.01
1168678,3,0.01
879213,3,0.01
1168577,3,0.01
714792,3,0.01
1163394,3,0.01
955332,3,0.01
1146017,3,0.01
714808,3,0.01
1062353,3,0.01
885972,3,0.01
1062337,3,0.01
714824,3,0.01
1062329,3,0.01
1275129,3,0.01
487357,3,0.01
714840,3,0.01
492330,3,0.01
886020,3,0.01
502947,3,0.01
714856,3,0.01
535305,3,0.01
955348,3,0.01
535321,3,0.01
714872,3,0.01
548526,3,0.01
886068,3,0.01
555890,3,0.01
714888,3,0.01
576008,3,0.01
971783,3,0.01
576024,3,0.01
714904,3,0.01
576040,3,0.01
886116,3,0.01
597941,3,0.01
775509,3,0.01
597957,3,0.01
955364,3,0.01
597973,3,0.01
776080,3,0.01
597989,3,0.01
886164,3,0.01
598005,3,0.01
776174,3,0.01
598021,3,0.01
1062254,3,0.01
598039,3,0.01
776290,3,0.01
606386,3,0.01
887408,3,0.01
606905,3,0.01
776391,3,0.01
616154,3,0.01
955380,3,0.01
616186,3,0.01
776494,3,0.01
616218,3,0.01
887424,3,0.01
616250,3,0.01
776723,3,0.01
616282,3,0.01
980701,3,0.01
616314,3,0.01
776899,3,0.01
616346,3,0.01
887440,3,0.01
616378,3,0.01
792951,3,0.01
616410,3,0.01
964005,3,0.01
616462,3,0.01
792967,3,0.01
616497,3,0.01
887456,3,0.01
616529,3,0.01
792983,3,0.01
616561,3,0.01
616593,3,0.01
792999,3,0.01
616625,3,0.01
887682,3,0.01
616657,3,0.01
793015,3,0.01
616689,3,0.01
965036,3,0.01
616721,3,0.01
793031,3,0.01
616753,3,0.01
887698,3,0.01
616785,3,0.01
793047,3,0.01
616817,3,0.01
988044,3,0.01
616849,3,0.01
793063,3,0.01
616881,3,0.01
887714,3,0.01
616913,3,0.01
796365,3,0.01
616945,3,0.01
965052,3,0.01
616977,3,0.01
796381,3,0.01
617009,3,0.01
887730,3,0.01
617041,3,0.01
796397,3,0.01
625167,3,0.01
1062270,3,0.01
625183,3,0.01
796413,3,0.01
659340,3,0.01
887746,3,0.01
659372,3,0.01
796429,3,0.01
659404,3,0.01
971750,3,0.01
659436,3,0.01
796445,3,0.01
659468,3,0.01
887762,3,0.01
659500,3,0.01
796461,3,0.01
659532,3,0.01
1059703,3,0.01
659564,3,0.01
822055,3,0.01
659596,3,0.01
887778,3,0.01
659631,3,0.01
830398,3,0.01
659665,3,0.01
971766,3,0.01
659697,3,0.01
830414,3,0.01
659729,3,0.01
887794,3,0.01
659761,3,0.01
830430,3,0.01
659793,3,0.01
1062302,3,0.01
659825,3,0.01
830446,3,0.01
659857,3,0.01
911956,3,0.01
659889,3,0.01
830617,3,0.01
659921,3,0.01
971782,3,0.01
1273884,3,0.01
659905,3,0.01
1273822,3,0.01
830454,3,0.01
1273726,3,0.01
659969,3,0.01
1262066,3,0.01
971758,3,0.01
1247538,3,0.01
660033,3,0.01
1236129,3,0.01
830641,3,0.01
1216129,3,0.01
660097,3,0.01
1170985,3,0.01
923608,3,0.01
1170953,3,0.01
660161,3,0.01
1168630,3,0.01
852504,3,0.01
1146025,3,0.01
714784,3,0.01
1062345,3,0.01
1062293,3,0.01
1062321,3,0.01
714816,3,0.01
487365,3,0.01
885944,3,0.01
502969,3,0.01
714848,3,0.01
535366,3,0.01
955324,3,0.01
571680,3,0.01
714880,3,0.01
576032,3,0.01
886044,3,0.01
597949,3,0.01
715397,3,0.01
597981,3,0.01
971779,3,0.01
598013,3,0.01
776125,3,0.01
603583,3,0.01
886140,3,0.01
616138,3,0.01
776338,3,0.01
616202,3,0.01
955356,3,0.01
616266,3,0.01
776597,3,0.01
616330,3,0.01
887416,3,0.01
616394,3,0.01
786584,3,0.01
616481,3,0.01
616545,3,0.01
792975,3,0.01
616609,3,0.01
887448,3,0.01
616673,3,0.01
793007,3,0.01
616737,3,0.01
963997,3,0.01
616801,3,0.01
793039,3,0.01
616865,3,0.01
887690,3,0.01
616929,3,0.01
796357,3,0.01
616993,3,0.01
980693,3,0.01
625159,3,0.01
796389,3,0.01
659324,3,0.01
887722,3,0.01
659388,3,0.01
796421,3,0.01
659452,3,0.01
965044,3,0.01
659516,3,0.01
796453,3,0.01
659580,3,0.01
887754,3,0.01
659649,3,0.01
825445,3,0.01
659713,3,0.01
1062246,3,0.01
659777,3,0.01
830422,3,0.01
659841,3,0.01
887786,3,0.01
1273868,3,0.01
659937,3,0.01
1273678,3,0.01
887802,3,0.01
1247522,3,0.01
660065,3,0.01
1171001,3,0.01
830657,3,0.01
1168726,3,0.01
660193,3,0.01
1095253,3,0.01
1062292,3,0.01
447420,3,0.01
714832,3,0.01
535313,3,0.01
885996,3,0.01
576016,3,0.01
714896,3,0.01
597965,3,0.01
955340,3,0.01
598029,3,0.01
776229,3,0.01
616170,3,0.01
887400,3,0.01
616298,3,0.01
776803,3,0.01
616426,3,0.01
616577,3,0.01
792991,3,0.01
616705,3,0.01
887464,3,0.01
616833,3,0.01
793055,3,0.01
616961,3,0.01
964013,3,0.01
625175,3,0.01
796405,3,0.01
659420,3,0.01
887738,3,0.01
659548,3,0.01
822047,3,0.01
659681,3,0.01
988036,3,0.01
659809,3,0.01
830438,3,0.01
1273774,3,0.01
830625,3,0.01
1216155,3,0.01
660129,3,0.01
1163418,3,0.01
1062316,3,0.01
492338,3,0.01
714864,3,0.01
576048,3,0.01
886092,3,0.01
606897,3,0.01
776450,3,0.01
616362,3,0.01
616641,3,0.01
793023,3,0.01
616897,3,0.01
887706,3,0.01
659356,3,0.01
796437,3,0.01
659612,3,0.01
971742,3,0.01
659873,3,0.01
660001,3,0.01
1170969,3,0.01
1062274,3,0.01
555872,3,0.01
776029,3,0.01
616234,3,0.01
616769,3,0.01
796373,3,0.01
659484,3,0.01
887770,3,0.01
1247554,3,0.01
951728,3,0.01
597997,3,0.01
617025,3,0.01
830406,3,0.01
714800,3,0.01
659745,3,0.01
1275126,3,0.01
659875,3,0.01
1294628,3,0.01
659877,3,0.01
1294630,3,0.01
659879,3,0.01
1294632,3,0.01
659881,3,0.01
1294634,3,0.01
659883,3,0.01
1062305,3,0.01
659949,3,0.01
1062307,3,0.01
659951,3,0.01
1062309,3,0.01
659953,3,0.01
1273874,3,0.01
659955,3,0.01
1275131,3,0.01
659957,3,0.01
1275125,3,0.01
659959,3,0.01
Blockade of hERG observed at 100 and 1000 uM was statistically significant when compared to vehicle control,2,0.0
% Of Control,2,0.0
288639,1,0.0
% Of Inhibition Or Stimulation,1,0.0
287788,1,0.0
Note: corresponding IC50 reported as Active,1,0.0
tde,1,0.0
OUTCOME = IC50 was not calculated since inhibition did not reach 50% level,1,0.0
Thousand Times Weaker Potent Than Cisapride Observed,1,0.0
Low Risk Of Cardiac Issue Observed,1,0.0
Lack Of Cardiac Toxicity,1,0.0
439043,1,0.0
439044,1,0.0
439039,1,0.0
439038,1,0.0
438926,1,0.0
438925,1,0.0
438924,1,0.0
438923,1,0.0
438648,1,0.0
438647,1,0.0
432920,1,0.0
432919,1,0.0
431595,1,0.0
431594,1,0.0
431593,1,0.0
% Of Inhibition,1,0.0
439046,1,0.0
423453,1,0.0
423452,1,0.0
423451,1,0.0
423450,1,0.0
423449,1,0.0
423448,1,0.0
423447,1,0.0
423446,1,0.0
423445,1,0.0
423444,1,0.0
423443,1,0.0
423442,1,0.0
423441,1,0.0
439042,1,0.0
439041,1,0.0
439040,1,0.0
423437,1,0.0
423436,1,0.0
423435,1,0.0
423434,1,0.0
423433,1,0.0
423432,1,0.0
422713,1,0.0
422712,1,0.0
422711,1,0.0
422710,1,0.0
422709,1,0.0
422708,1,0.0
422707,1,0.0
431592,1,0.0
431591,1,0.0
423454,1,0.0
422703,1,0.0
422702,1,0.0
422701,1,0.0
422700,1,0.0
422699,1,0.0
422698,1,0.0
413065,1,0.0
413064,1,0.0
388347,1,0.0
388346,1,0.0
388345,1,0.0
388344,1,0.0
388343,1,0.0
423440,1,0.0
423439,1,0.0
423438,1,0.0
361986,1,0.0
361985,1,0.0
361984,1,0.0
361983,1,0.0
361982,1,0.0
361981,1,0.0
361980,1,0.0
361979,1,0.0
361978,1,0.0
361977,1,0.0
361976,1,0.0
361975,1,0.0
361974,1,0.0
422706,1,0.0
422705,1,0.0
422704,1,0.0
361970,1,0.0
361969,1,0.0
361968,1,0.0
361967,1,0.0
361966,1,0.0
361965,1,0.0
361964,1,0.0
361963,1,0.0
361962,1,0.0
361961,1,0.0
361960,1,0.0
361959,1,0.0
361958,1,0.0
361989,1,0.0
361988,1,0.0
361987,1,0.0
361954,1,0.0
361953,1,0.0
361952,1,0.0
361951,1,0.0
361950,1,0.0
361949,1,0.0
361948,1,0.0
361947,1,0.0
361946,1,0.0
361945,1,0.0
361944,1,0.0
361943,1,0.0
361942,1,0.0
361973,1,0.0
361972,1,0.0
361971,1,0.0
361938,1,0.0
361937,1,0.0
361936,1,0.0
361935,1,0.0
361934,1,0.0
361933,1,0.0
361932,1,0.0
361931,1,0.0
361930,1,0.0
361929,1,0.0
361928,1,0.0
361927,1,0.0
361926,1,0.0
361957,1,0.0
361956,1,0.0
361955,1,0.0
361922,1,0.0
361921,1,0.0
361920,1,0.0
361919,1,0.0
361918,1,0.0
361917,1,0.0
361916,1,0.0
361915,1,0.0
361914,1,0.0
361913,1,0.0
361912,1,0.0
361911,1,0.0
361910,1,0.0
361941,1,0.0
361940,1,0.0
361939,1,0.0
361906,1,0.0
361905,1,0.0
361904,1,0.0
361903,1,0.0
361902,1,0.0
361901,1,0.0
361900,1,0.0
361899,1,0.0
361898,1,0.0
361897,1,0.0
361896,1,0.0
361895,1,0.0
361894,1,0.0
361925,1,0.0
361924,1,0.0
361923,1,0.0
361890,1,0.0
361889,1,0.0
361888,1,0.0
361887,1,0.0
361886,1,0.0
361885,1,0.0
361884,1,0.0
361883,1,0.0
361882,1,0.0
361881,1,0.0
361880,1,0.0
361879,1,0.0
361878,1,0.0
361909,1,0.0
361908,1,0.0
361907,1,0.0
287776,1,0.0
287774,1,0.0
361875,1,0.0
361874,1,0.0
361873,1,0.0
361872,1,0.0
361871,1,0.0
361870,1,0.0
390529,1,0.0
390528,1,0.0
390527,1,0.0
390526,1,0.0
390525,1,0.0
361893,1,0.0
361892,1,0.0
361891,1,0.0
312469,1,0.0
312466,1,0.0
312465,1,0.0
312432,1,0.0
312431,1,0.0
312430,1,0.0
312429,1,0.0
312428,1,0.0
312427,1,0.0
312426,1,0.0
312425,1,0.0
312424,1,0.0
312423,1,0.0
312422,1,0.0
312421,1,0.0
312420,1,0.0
312419,1,0.0
312418,1,0.0
312417,1,0.0
312550,1,0.0
312549,1,0.0
312548,1,0.0
312547,1,0.0
312546,1,0.0
312545,1,0.0
312544,1,0.0
312543,1,0.0
312542,1,0.0
312541,1,0.0
288754,1,0.0
288753,1,0.0
288752,1,0.0
288751,1,0.0
288750,1,0.0
288749,1,0.0
288748,1,0.0
288747,1,0.0
288746,1,0.0
288745,1,0.0
288744,1,0.0
288743,1,0.0
288742,1,0.0
288741,1,0.0
288740,1,0.0
288739,1,0.0
288738,1,0.0
288737,1,0.0
288736,1,0.0
288735,1,0.0
288734,1,0.0
288733,1,0.0
288732,1,0.0
288731,1,0.0
288730,1,0.0
288729,1,0.0
288728,1,0.0
288727,1,0.0
288726,1,0.0
288725,1,0.0
288724,1,0.0
288723,1,0.0
288722,1,0.0
288721,1,0.0
288720,1,0.0
288719,1,0.0
288718,1,0.0
288717,1,0.0
288716,1,0.0
288715,1,0.0
288714,1,0.0
288713,1,0.0
288712,1,0.0
288711,1,0.0
288710,1,0.0
288709,1,0.0
288708,1,0.0
288707,1,0.0
288706,1,0.0
288705,1,0.0
288704,1,0.0
288703,1,0.0
288702,1,0.0
288701,1,0.0
288700,1,0.0
288699,1,0.0
288698,1,0.0
288697,1,0.0
288696,1,0.0
288695,1,0.0
288694,1,0.0
288693,1,0.0
288692,1,0.0
288691,1,0.0
288690,1,0.0
288689,1,0.0
288688,1,0.0
288687,1,0.0
288686,1,0.0
288685,1,0.0
288684,1,0.0
288683,1,0.0
288682,1,0.0
288681,1,0.0
288680,1,0.0
288679,1,0.0
288678,1,0.0
288677,1,0.0
288676,1,0.0
288675,1,0.0
288674,1,0.0
288673,1,0.0
288672,1,0.0
288671,1,0.0
288670,1,0.0
288669,1,0.0
288668,1,0.0
288667,1,0.0
288666,1,0.0
288665,1,0.0
288664,1,0.0
288663,1,0.0
288662,1,0.0
288661,1,0.0
288660,1,0.0
288659,1,0.0
288658,1,0.0
288657,1,0.0
288656,1,0.0
288655,1,0.0
288654,1,0.0
288653,1,0.0
288652,1,0.0
288651,1,0.0
288650,1,0.0
288649,1,0.0
288648,1,0.0
288647,1,0.0
288646,1,0.0
288645,1,0.0
288644,1,0.0
288643,1,0.0
288642,1,0.0
288641,1,0.0
288640,1,0.0
439045,1,0.0
288638,1,0.0
288637,1,0.0
288636,1,0.0
288635,1,0.0
287799,1,0.0
287798,1,0.0
287797,1,0.0
287796,1,0.0
287795,1,0.0
287794,1,0.0
287793,1,0.0
287792,1,0.0
287791,1,0.0
287790,1,0.0
287789,1,0.0
Dose-Dependent Effect,1,0.0
287787,1,0.0
287786,1,0.0
287785,1,0.0
287784,1,0.0
287783,1,0.0
287782,1,0.0
287781,1,0.0
287780,1,0.0
287779,1,0.0
287778,1,0.0
287777,1,0.0
287775,1,0.0
361877,1,0.0
287773,1,0.0
361876,1,0.0
