assay_chembl_id,assay_description
CHEMBL1027667,Inhibition of human ERG channel
CHEMBL1036924,Inhibition of human recombinant ERG Y652A mutant expressed in CHOK1 cells by whole-cell plate-based electrophysiology
CHEMBL1040540,Displacement of dofetilide from human ERG
CHEMBL1041011,Displacement of dofrtilide from human ERG channel
CHEMBL1043077,Inhibition of human ERG at 3 uM
CHEMBL1043202,Binding affinity to human ERG
CHEMBL1044431,Displacement of [3H]dofetilide from human ERG
CHEMBL1047209,Inhibition of human ERG
CHEMBL1052905,Inhibition of human ERG
CHEMBL1054528,Inhibition of human ERG expressed in HEK cells
CHEMBL1057876,Displacement of [3H]dofetilide from human ERG channel by scintillation proximity assay
CHEMBL1065722,Inhibition of human ERG
CHEMBL1066810,Inhibition of human ERG at 10 uM by patch clamp method
CHEMBL1070849,Inhibition of human ERG
CHEMBL1100678,Inhibition of human ERG at 10 nM
CHEMBL1101904,Displacement of [3H]dofetilide from human ERG expressed in HEK293 cells
CHEMBL1106923,Displacement of [3H]dofetilide from human ERG by scintillation proximity assay
CHEMBL1114477,Inhibition of human ERG potassium channel
CHEMBL1118597,Displacement of [3H]dofetidile from human ERG by whole-cell patch clamp
CHEMBL1118860,Inhibition of human ERG expressed in HEK297 cells at 10 uM after 3 to 8 mins by voltage clamp assay
CHEMBL1272988,Inhibition of human ERG
CHEMBL1780724,Inhibition of human ERG at 1 uM
CHEMBL1781387,Inhibition of human ERG by voltage-clamp electrophysiology
CHEMBL1785980,Inhibition of human ERG at 10 uM by whole cell voltage clamp technique
CHEMBL1804921,Inhibition of human hERG
CHEMBL1811063,Inhibition of human ERG by electrophysiological assay
CHEMBL1918922,Binding affinity to human Erg at 10 uM
CHEMBL1924405,Inhibition of human ERG at 10 uM by rubidium efflux assay
CHEMBL1930402,Inhibition of human ERG
CHEMBL2024833,Inhibition of human ERG by electrophysiology assay
CHEMBL2025095,Inhibition of human ERG
CHEMBL2026445,Inhibition of human ERG
CHEMBL2033832,Inhibition of human Erg expressed in HEK293 cells by whole cell patch clamp analysis
CHEMBL2038474,Inhibition of human ERG
CHEMBL2049748,Inhibition of human ERG
CHEMBL2173338,Inhibition of human ERG expressed in HEK 293 cells by PatchXpress assay
CHEMBL2173975,Inhibition of human ERG expressed in HEK293 cells at 10 uM by electrophysiological ion flux assay
CHEMBL2176196,Inhibition of human ERG
CHEMBL2215013,Inhibition of human recombinant ERG expressed in HEK293 cells up to 100 uM after 5 to 10 mins by conventional whole-cell patch clamp assay
CHEMBL2215806,Inhibition of human ERG in HEK cells by ion flux electrophysiology assay
CHEMBL2216324,Displacement of [3H]-astemizole from human ERG expressed in HEK293 cells after 1 hr by scintillation counting analysis
CHEMBL2217327,Inhibition of human ERG stepped current expressed in HEK293 cells at + 20 mV holding potential by patch clamp assay
CHEMBL2217336,Inhibition of human ERG tail current expressed in HEK293 cells assessed as half activation potential for steady state inactivation curve at 10 uM by patch clamp assay (Rvb = - 48.7 +/- 7.6 mV)
CHEMBL2217340,Inhibition of human ERG tail current expressed in HEK293 cells at - 80 mV to + 0 mV holding potential at 10 uM by patch clamp assay
CHEMBL2327740,Inhibition of human ERG expressed in HEK293 cells by patch clamp assay
CHEMBL2339897,Inhibition of human ERG
CHEMBL2346000,Inhibition of human ERG channel
CHEMBL2390460,Inhibition of human ERG
CHEMBL2395084,Displacement of [3H]Astemizole from human recombinant ERG expressed in HEK293 cells at after 60 mins
CHEMBL2405371,Inhibition of human ERG
CHEMBL2406355,Inhibition of human ERG by dofetilide binding assay
CHEMBL2412551,Inhibition of human ERG at 0.1 uM relative to control
CHEMBL2432176,Inhibition of human ERG by patch clamp assay
CHEMBL2443479,Inhibition of human ERG by electrophysiology assay
CHEMBL3116554,Inhibition of human ERG channel at 30 uM by ionworks assay
CHEMBL3122291,Inhibition of human ERG
CHEMBL3291975,Inhibition of human ERG tail current after 5 mins by patch-clamp method
CHEMBL3294033,Inhibition of human ERG by patch clamp electrophysiological analysis
CHEMBL3362479,Inhibition of human ERG expressed in CHO cells up to 30 uM by electrophysiology
CHEMBL3367517,Binding affinity to human ERG
CHEMBL3369560,Inhibition of human ERG
CHEMBL3371044,Inhibition of human ERG at 10 uM
CHEMBL3381295,Inhibition of human ERG channel by patch clamp technique
CHEMBL3385491,Inhibition of human ERG channel by patch-clamp assay
CHEMBL3385976,Inhibition of human ERG expressed in CHO-K1 cells by automated whole-cell patch-clamp electrophysiology method
CHEMBL3412836,Inhibition of human ERG channel
CHEMBL3419125,Inhibition of human ERG expressed in CHO cells by automated Qpatch clamp assay
CHEMBL3420643,Inhibition of human ERG channel expressed in CHO cells at 1.1 uM by patch clamp method
CHEMBL3425006,Inhibition of human ERG expressed in HEK293 cells after 5 mins by patch-clamp assay
CHEMBL3430329,Inhibition of rapid delayed inward rectifying potassium current (IKr) measured using manual patch clamp assay
CHEMBL3430347,Inhibition of rapid delayed inward rectifying potassium current (IKr) measured using manual patch clamp assay
CHEMBL3430627,Inhibition of hERG K channel
CHEMBL3430707,Inhibition of rapid delayed inward rectifying potassium current (IKr) in Chinese hamster ovary (CHO) K1 cells stably expressing hERG measured using IonWorks Quattro automated patch clamp platform
CHEMBL3430734,Inhibition of rapid delayed inward rectifying potassium current (IKr) in Chinese hamster ovary (CHO) cells stable expressing hERG measured using IonWorks Barracuda automated patch clamp platform
CHEMBL3430741,Inhibition of rapid delayed inward rectifying potassium current (IKr) in Chinese hamster ovary (CHO) cells stable expressing hERG measured using IonWorks Barracuda automated patch clamp platform
CHEMBL3588589,Inhibition of human ERG
CHEMBL3602243,Displacement of [3H]-astemizole from human ERG up to 100 uM
CHEMBL3615015,Inhibition of human ERG assessed as reduction of tail current at 10 umol/L
CHEMBL3742791,Induction of dissociation of [3H]-dofetilide from Kv11.1 channel (unknown origin) assessed as dissociation rate expressed in HEK293 cells after 1 hr
CHEMBL3744162,Inhibition of human ERG at 100 uM by patch clamp assay
CHEMBL3744482,Inhibition of human ERG at 0.1 uM by patch-clamp method
CHEMBL3750583,Inhibition of MK-499 binding to human ERG
CHEMBL3796230,Inhibition of human ERG
CHEMBL3803537,Inhibition of human ERG by patch clamp method
CHEMBL3807653,Inhibition of human ERG expressed in CHOK1 cells assessed as inhibition of tail current at 1 uM after 5 mins by automated whole-cell patch clamp assay relative to control
CHEMBL3811000,Inhibition of human ERG expressed in HEK293 cells at 30 uM by patch clamp assay
CHEMBL3815833,Inhibition of recombinant human ERG expressed in HEK293 cells assessed as inhibition of peak tail current by patch clamp assay
CHEMBL3831061,Inhibition of human ERG by flux-based assay
CHEMBL3858245,Inhibition of human ERG
CHEMBL3858850,Inhibition of human ERG expressed in HEK293 cells assessed as reduction in maximal tail current at 3 uM and holding potential of -60 mV measured after 5 mins by patch-clamp assay
CHEMBL3861366,Inhibition of human ERG
CHEMBL3869650,Inhibition of human ERG by electrophysiology method
CHEMBL3880243,Inhibition of human ERG at 500 nM
CHEMBL3880277,Inhibition of human ERG expressed in HEK293 cells assessed as decrease in tail current amplitude by whole cell patch clamp method
CHEMBL3880650,Inhibition of human ERG expressed in HEK293 cells at 10 uM at -80 mV holding potential by patch clamp assay
CHEMBL3889096,"Inhibition Assay: hERG study was conducted with an automated patch clamp machine, Qpatch-48HT (Sophion Biosciences, Denmark). Cultured CHO cells stably expressing hERG channels (provided by Sophion Biosciences, Denmark) were harvested from culture flasks of 70-90% cell confluence rate and prepared as cell suspension with a cell density of 3-8&timse;10^6 cells/mL in serum-free media (CHO-S-SFM II, cat#12052 Invitrogen; 25 mM HEPES). Cells in such condition were placed into a Qpatch cell stir chamber and used within 4 hours. For each run, cells were first spun down by the built-in Qpatch centrifuge and re-suspended in an extracellular solution (in mM, 2 CaCl2, 1 MgCl2, 4 KCl, 145 NaCl, 10 Glucose, 10 HEPES, pH 7.4, osmolarity ~305 mOsm). Qplate-48 that holds one cell in each of its 48 channels for the later voltage-clamped assay were primed with the extracellular solution and intracellular solution (in mM, 5.4 CaCl2, 1.75 MgCl2, 120 KCl, 10 HEPES, 5 EGTA, 4 NaATP, pH 7.25, Osmolarity ~280-295 mOsm). Cells were dispatched by Qpatch robotic dispensing guns into each Qplate channel and went through the process of giga-ohm sealing and whole cell configuration. Whole-cell recordings were performed in voltage-clamp mode at a holding potential of −80 mV. The hERG current was activated by depolarizing at +20 mV for 5 sec, after which the current was taken back to −50 mV for 5 sec to remove the inactivation and observe the deactivating tail current. The maximum amount of tail current size was used to determine the hERG current amplitude. The above voltage protocol was applied to the cells every 15 sec throughout the whole procedure. External solution containing 0.1% DMSO (vehicle) was applied to the cells to establish the baseline. Compound solution was added, and the cells were kept in the test solution until the compound's effect reached a steady state or for a maximum of 4 min. For dose response assays (0.1, 0.3, 1, 3, 10 and 30 μM), the compound was applied to the cells accumulatively from low to high concentrations. Washout with extracellular solution was performed after compound testing. Positive control cisapride 0.1 μM was used on each cell after compound testing to ensure the normal response and the good quality of the cell."
CHEMBL4015602,Inhibition of human ERG at 10 uM by patch clamp assay
CHEMBL4023192,Inhibition of human ERG (unknown origin) at <10 uM
CHEMBL4028174,Inhibition of human ERG by patch clamp assay
CHEMBL4030710,Displacement of 3H-dofetilide from human ERG
CHEMBL4048003,Inhibition of human ERG expressed in HEK293 cells assessed as decrease in peak tail current amplitude by path clamp method
CHEMBL4123931,Inhibition of human ERG expressed in CHO-K1 cells at -90 mV holding potential by Qpatch clamp assay
CHEMBL4180611,Inhibition of human ERG
CHEMBL4183068,Inhibition of human ERG transfected in CHO cells by patch clamp method
CHEMBL4189945,Inhibition of human ERG expressed in HEK293 cells by patch clamp method
CHEMBL4195200,Inhibition of human ERG at 5 uM by automated patch clamp assay
CHEMBL4200763,Inhibition of human ERG at 30 uM by manual patch clamp assay
CHEMBL4305236,Inhibition of human ERG expressed in CHOK1 cells by Q-patch electrophysiology method
CHEMBL4322979,Inhibition of human ERG at -80 mV holding potential by automated Qpatch clamp assay
CHEMBL4329554,Inhibition of human ERG expressed in CHO cells at 20 uM by patch clamp assay relative to control
CHEMBL4355823,Inhibition of IKr (unknown origin) at 30 uM
CHEMBL4356240,Inhibition of human ERG by patch clamp assay
CHEMBL4359448,Inhibition of human ERG expressed in HEK293 cells by whole cell electrophysiology assay
CHEMBL4383595,Inhibition of human ERG expressed in HEK293 cells by whole-cell patch clamp assay
CHEMBL4390915,Inhibition of human ERG by patch clamp electrophysiology method
CHEMBL4392960,Inhibition of human ERG at 33 uM relative to control
CHEMBL4424285,Inhibition of human ERG expressed in HEK293 cells at 10 uM by Qpatch clamp assay
CHEMBL4427621,Inhibition of human ERG at 10 uM relative to control
CHEMBL4431079,Inhibition of human ERG expressed in HEK293 cells at 1 uM by thallium flux assay
CHEMBL4432469,Inhibition of [3H]dofetilide binding to human ERG expressed in HEK293 cell membranes after 60 mins by liquid scintillation spectrometric analysis
CHEMBL4433754,Inhibition of human ERG after 2 hrs by fluorescence polarization assay
CHEMBL4478365,Inhibition of human ERG
CHEMBL4480013,Inhibition of human ERG channel at 100 uM by automated patch clamp assay
CHEMBL4617553,Inhibition of human ERG
CHEMBL4619106,Inhibition of human ERG
CHEMBL4626005,Inhibition of human ERG
CHEMBL4681980,Inhibition of human ERG expressed in HEK293 cells
CHEMBL4704286,Inhibition of human ERG by patch clamp assay
CHEMBL4706939,Displacement of [3H]astemizole from human ERG expressed in HEK293 cells by radioligand binding assay
CHEMBL4717446,Inhibition of human ERG expressed in HEK293 cells assessed as reduction in S35-MK-0499 binding
CHEMBL4769576,Inhibition of human ERG expressed in CHO cells assessed as inhibition of channel tail current at holding potential of -80 mV by Qpatch assay
CHEMBL4811862,Inhibition of human ERG expressed in CHO cells at 5 uM maintained at -80 mV membrane potential by automated patch-clamp assay relative to control
CHEMBL4820822,Inhibition of human ERG by patch-clamp assay
CHEMBL4833974,Inhibition of human ERG expressed in CHO cells at 30 uM by automated patch clamp method relative to control
CHEMBL4834166,Inhibition of human ERG by FLIPR TETRA method
CHEMBL4837020,Inhibition of human ERG at 10 uM by automated patch method relative to control
CHEMBL5031859,Inhibition of hERG (unknown origin) expressed in CHO cells at 5 uM at -80 mV holding potential by automated patch clamp method relative to control
CHEMBL5035159,Inhibition of human ERG
CHEMBL5037585,Inhibition of hERG
CHEMBL5038061,Inhibition of hERG ion channel by Q patch-clamp method
CHEMBL5105954,Inhibition of hERG
CHEMBL5117269,Inhibition of human ERG
CHEMBL5133272,Inhibition of human ERG expressed in HEK cells at 60 uM by voltage clamp assay
CHEMBL5139741,Inhibition of hERG expressed in human HEK293 cells by whole-cell patch-clamp method
CHEMBL5149776,Inhibition of human ERG at 10 uM relative to control
CHEMBL5161214,Inhibition of human ERG by patch clamp assay
CHEMBL5168509,Inhibition of hERG ion channel by patch-clamp method
CHEMBL5249647,Inhibition of hERG by fluorescence polarization assay
CHEMBL5316803,Inhibition of human ERG at 10 uM
CHEMBL5320104,Inhibition of hERG expressed in CHO cells stably at -80 mV holding potential by automated patch clamp method
CHEMBL5338527,Inhibition of human ERG expressed in CHO K1 cells measured after 4 min by QPatch assay
CHEMBL5351164,Inhibition of hERG at 1 uM relative to control
CHEMBL5368553,Inhibition of hERG expressed in HEK293 cells upto 30 uM at -80 mV holding potential by whole-cell patch clamp recording relative to control
CHEMBL5373283,Inhibition of hERG
CHEMBL5375739,Inhibition of hERG stably expressed in HEK293 cells by patch clamp assay
CHEMBL5376779,Inhibition of hERG potassium channel by patch clamp assay
CHEMBL5381148,Inhibition of human ERG stably expressed in CHO cells at 10 uM by whole-cell patch clamp method relative to control
CHEMBL5508918,Inhibition of hERG by manual patch clamp assay
CHEMBL5516904,Inhibition of human ERG expressed in HEK293 cells incubated for 2 to 5 mins by Manual patch clamp assay
CHEMBL5516908,Inhibition of human ERG expressed in HEK293 cells at 3 uM incubated for 2 to 5 mins by Manual patch clamp assay relative to control
CHEMBL5538734,Inhibition of hERG expressed in CHO cells by Qpatch automatic patch clamp method
CHEMBL5609895,Inhibition of hERG
CHEMBL5621454,Inhibition of human ERG expressed in CHO-K1 cells measured every 20 sec by automated Patch Clamp method
CHEMBL5629612,Inhibition of hERG
CHEMBL5634413,Inhibition of hERG (unknown origin)
CHEMBL5638881,Inhibition of hERG
CHEMBL5735616,"hERG Assay: Voltage clamp protocol: Computer software was used to set voltage clamp protocols. In whole-cell model, cells were held at −80 mV, first depolarized to −50 mV for 80 ms, and then depolarized to +20 mV for 4800 ms to activate the hERG channels. After that the cells were repolarized to −50 mV for 5000 ms to elicit the characteristic tail currents. Finally the cells were held at −80 mV again. The peak values of tail currents were sampled for analysis.Automated QPatch procedure: After achieving break-in (whole-cell) configuration, the cells were recorded for 120 sec to assess current stability. The voltage protocol described above was then applied to the cells every 15 sec throughout the whole procedure. Only stable cells with recording parameters above threshold were allowed to enter the drug application procedure. All experiments were conducted at room temperature (about 25° C.). External solution containing 0.1% DMSO (vehicle) was applied to the cells to establish the baseline. After allowing the current to stabilize for 3 minutes, compound was applied. Compound solution was added and the cells were kept in the test solution until the compound's effect reached a steady state or for a maximum of 4 min. For dose response assay, compound was applied to the cells accumulatively from low to high concentrations. Washout with external solution was performed after compound testing. Positive control cisapride is used in the experiments to test the same batch of cells used for test compounds to ensure the normal response and the good quality of the cells.Data were analyzed using Assay Software provided by Sophion, Microsoft Excel and Graphpad Prism."
CHEMBL5736241,hERG Activity Assays: Representative compounds were tested for hERG activity using the Fast Patch assay available from WuXiApptec (Shanghai China).
CHEMBL6081135,Inhibition of hERG
CHEMBL6085607,Inhibition of hERG expressed in CHO-K1 cells at 0.01 uM relative to control
CHEMBL6090197,Inhibition of human ERG by Eurofins kinase assay
CHEMBL6092657,Inhibition of hERG upto 30 uM
CHEMBL6092828,Inhibition of HERG expressed in HEK293 cells at -80mV holding potential incubated for 24 to 48 hrs by whole-cell patch clamp method
CHEMBL6100190,Inhibition of hERG expressed in CHO cells by manual patch clamp assay
CHEMBL6108878,Inhibition of hERG expressed in CHO cells by manual patch-clamp assay
CHEMBL6109284,Inhibition of hERG at 10 uM relative to control
CHEMBL6139416,Inhibition of hERG
CHEMBL6157107,Inhibition of human ERG
CHEMBL6158599,Inhibition of hERG by qube-automated patch clamp method
CHEMBL6185673,Inhibition of hERG up to 30 mM by patch clamp assay
CHEMBL820996,In vitro displacement of [35S]-MK- 499 from HEK 293 cells stably transfected with hERG voltage-gated potassium channel subunit Kv11.1
CHEMBL828008,Mean inhibitory concentration against potassium channel HERG
CHEMBL832717,Inhibitory concentration against human Kv11.1 ERG potassium channel
CHEMBL855608,Inhibition of hERG at 30 uM
CHEMBL867451,Inhibition of human ERG expressed in HEK293 cells
CHEMBL869839,Inhibition of hERG channel by rubidium efflux assay at 5 ug/ml
CHEMBL903442,Inhibition of hERG at 10 uM
CHEMBL907269,Inhibition of human ERG potassium channel in HEK293 cells by patch clamp assay
CHEMBL907684,Inhibition of hERG expressed in HEK cells by whole cell patch clamp assay
CHEMBL908975,Binding affinity to hERG potassium channel
CHEMBL914756,Inhibition of hERG expressed in HEK293 cells assessed as effect on ionic current at 2 uM by patch clamp assay
CHEMBL919944,Blockage of current at human ERG expressed in HEK293 cells at 0.35 uM
CHEMBL921544,Activation of human ERG1 isoform 1 expressed in Xenopus laevis oocytes assessed as increase in peak tail current at 30 uM by two electrode voltage clamp technique
CHEMBL930350,Inhibition of human ERG ion channel at 10 uM by patch clamp assay
CHEMBL932572,Inhibition of human ERG expressed in HEK293 cells at 20 uM
CHEMBL972461,Inhibition of human ERG channel at 10 uM
CHEMBL972465,Displacement of [35S]MK499 from human ERG expressed in HEK293 cells
CHEMBL976148,Displacement of [3H]dofetilide human ERG expressed in CHO cells
CHEMBL981950,Displacement of [3H]astemizole from human ERG potassium channel expressed in HEK293 cell membrane
CHEMBL988126,Inhibition of human ERG potassium channel
